no,category,name,use_yn
1,word,가계부실위험지수(HDRI),f
2,word,가계수지,f
3,word,가계순저축률,f
4,word,가계신용통계,f
5,word,가계처분가능소득,f
6,word,가교은행,f
7,word,가동률,f
8,word,가변예치의무제도,f
9,word,가산금리,f
10,word,가상통화,f
11,word,가상통화공개(ICO),f
12,word,간접금융/직접금융,f
13,word,간접세/직접세,f
14,word,감독자협의회,f
15,word,감응도계수,f
16,word,갑기금(Capital A),f
17,word,거시건전성 정책,f
18,word,거액결제시스템,f
19,word,거액익스포저 규제,f
20,word,결제,f
21,word,결제리스크,f
22,word,결제부족자금 공동분담제,f
23,word,결제완결성,f
24,word,겸업주의/전업주의,f
25,word,경기,f
26,word,경기동향지수(경기확산지수),f
27,word,경기순응성,f
28,word,경기조절정책/경제안정화정책,f
29,word,경기종합지수,f
30,word,경상수지,f
31,word,경영실태평가/은행경영실태등급평가제도,f
32,word,경영지도비율,f
33,word,경영평가지표,f
34,word,경제성장률,f
35,word,경제심리지수,f
36,word,경제협력개발기구(OECD),f
37,word,경제활동인구/비경제활동인구/경제활동참가율,f
38,word,경제후생지표,f
39,word,경직적 물가지수,f
40,word,계절변동조정시계열,f
41,word,계좌대체,f
42,word,고객확인절차(KYC),f
43,word,고용률,f
44,word,고용보조지표,f
45,word,고용유발효과/취업유발효과,f
46,word,고정금리,f
47,word,고정금리부채권(SB),f
48,word,고정분류여신,f
49,word,고정이하여신비율,f
50,word,고정자본소모,f
51,word,고정환율제도/자유변동환율제도,f
52,word,고통지수,f
53,word,골디락스경제,f
54,word,공개시장운영,f
55,word,공공재,f
56,word,공급사용표(SUT),f
57,word,공급탄력성,f
58,word,공매도,f
59,word,관리변동환율제도,f
60,word,관리통화제도,f
61,word,교환사채(EB),f
62,word,교환성 통화,f
63,word,구매력평가환율,f
64,word,구속성예금,f
65,word,구인배율,f
66,word,구제금융,f
67,word,구조적 이익률,f
68,word,국가경쟁력지수,f
69,word,국가신용등급,f
70,word,국가채무,f
71,word,국고금 실시간 전자이체,f
72,word,국고대리점,f
73,word,국고수표,f
74,word,국고전산망,f
75,word,국내공급물가지수,f
76,word,국내신용,f
77,word,국내총생산(GDP),f
78,word,국내총투자율,f
79,word,국민계정체계(SNA),f
80,word,국민대차대조표,f
81,word,국민부담률,f
82,word,국민소득,f
83,word,국민소득 3면 등가의 법칙,f
84,word,국민처분가능소득,f
85,word,국민총소득(GNI),f
86,word,국부펀드,f
87,word,국외순수취경상이전,f
88,word,국외순수취요소소득,f
89,word,국외저축,f
90,word,국제결제은행(BIS),f
91,word,국제금융시장,f
92,word,국제금융중심지,f
93,word,국제산업연관표,f
94,word,국제수지(BOP),f
95,word,국제수지표,f
96,word,국제원유가격,f
97,word,국제통화기금(IMF),f
98,word,국제투자대조표(IIP),f
99,word,국제회계기준,f
100,word,국채,f
101,word,규모의 경제,f
102,word,규제 샌드박스,f
103,word,그램-리치-블라일리법,f
104,word,그린본드,f
105,word,그림자 금융,f
106,word,근원인플레이션율,f
107,word,글래스-스티걸법,f
108,word,글로벌가치사슬(GVC),f
109,word,글로벌금융안전망,f
110,word,금리선물,f
111,word,금리스왑,f
112,word,금리자유화,f
113,word,금리평가이론,f
114,word,금본위제,f
115,word,금산분리,f
116,word,금융 하부구조,f
117,word,금융EDI,f
118,word,금융공황,f
119,word,금융사이클,f
120,word,금융시스템 상호연계성,f
121,word,금융안정,f
122,word,금융안정위원회(FSB),f
123,word,금융안정지수,f
124,word,금융연관비율(골드스미스비율),f
125,word,금융의 증권화,f
126,word,금융의 탈중개화,f
127,word,금융의 탈집중화,f
128,word,금융제도,f
129,word,금융중개지원대출제도,f
130,word,금융지주회사,f
131,word,금융채,f
132,word,금융통화위원회,f
133,word,금전신탁,f
134,word,기대인플레이션,f
135,word,기본자본(Tier 1),f
136,word,기업개인간(B2C) 지급결제시스템,f
137,word,기업간(B2B) 지급결제시스템,f
138,word,기업경기실사지수(BSI),f
139,word,기업공개,f
140,word,기업어음(CP),f
141,word,기저효과,f
142,word,기준금리,f
143,word,기준순환일,f
144,word,기준환율,f
145,word,기초가격,f
146,word,기축통화,f
147,word,기타기본자본(Additional Tier 1),f
148,word,기펜재,f
149,word,기회비용,f
150,word,긴급수입제한조치,f
151,word,긴축정책,f
152,word,꼬리위험,f
153,word,낙수효과,f
154,word,낙인효과,f
155,word,난외거래,f
156,word,납부자자동이체,f
157,word,내국신용장,f
158,word,내부등급법,f
159,word,내부자금,f
160,word,노동생산성/노동생산성지수,f
161,word,노동소득분배율,f
162,word,녹색GDP,f
163,word,녹색기후기금(GCF),f
164,word,단기금융시장,f
165,word,단리/복리,f
166,word,단위노동비용,f
167,word,단일금리방식/복수금리방식,f
168,word,담보인정비율(LTV),f
169,word,당일결제/익일결제/익익일결제,f
170,word,대기성 여수신제도,f
171,word,대량지급,f
172,word,대손충당금적립비율,f
173,word,대안정기,f
174,word,대외의존도/수출입의존도/무역의존도,f
175,word,대외지급준비자산,f
176,word,대체비용리스크,f
177,word,대체재,f
178,word,대출금 출자전환,f
179,word,대출채권 분할매각,f
180,word,더블딥,f
181,word,도덕적 해이,f
182,word,도드-프랭크법,f
183,word,독점/과점,f
184,word,동남아시아국가연합(ASEAN),f
185,word,동남아시아국가연합+한 중 일(ASEAN+3),f
186,word,동남아중앙은행기구(SEACEN),f
187,word,동아시아 외환위기,f
188,word,동아시아 태평양중앙은행기구(EMEAP),f
189,word,동일인 신용공여한도제(동일인 여신한도제),f
190,word,동일인/특수관계인,f
191,word,동태적 대손충당금 제도,f
192,word,동행종합지수,f
193,word,듀레이션,f
194,word,등록발행,f
195,word,디레버리징,f
196,word,디스인플레이션,f
197,word,디커플링/커플링,f
198,word,디플레이션,f
199,word,래퍼곡선,f
200,word,레그테크,f
201,word,레버리지 효과,f
202,word,레버리지비율,f
203,word,로렌츠곡선,f
204,word,로보어드바이저,f
205,word,리디노미네이션,f
206,word,마샬의 k,f
207,word,마스트리히트조약,f
208,word,마이크로 크레디트,f
209,word,마찰적 실업,f
210,word,만기수익률,f
211,word,매매보호 서비스(escrow),f
212,word,매몰비용,f
213,word,매입외환/환가료,f
214,word,매출액영업이익률,f
215,word,머니마켓펀드(MMF),f
216,word,명목GDP목표제,f
217,word,명목국내총생산/실질국내총생산,f
218,word,명목금리/실질금리,f
219,word,명목소득/실질소득,f
220,word,모기지대출,f
221,word,모바일뱅킹,f
222,word,모집,f
223,word,무디스,f
224,word,무역지수,f
225,word,물가안정목표제,f
226,word,물가지수,f
227,word,뮤추얼펀드,f
228,word,미달러화 지수,f
229,word,미달러화페그제도,f
230,word,미발행화폐,f
231,word,바이오인증,f
232,word,바젤은행감독위원회/바젤위원회(BCBS),f
233,word,발행시장,f
234,word,발행중지화폐/유통정지화폐,f
235,word,방카슈랑스,f
236,word,배당할인모형,f
237,word,밴드웨건효과,f
238,word,뱅크런,f
239,word,범위의 경제,f
240,word,법률리스크,f
241,word,베블런효과,f
242,word,변동금리,f
243,word,변동금리부채권(FRN),f
244,word,보기화폐(견양화폐),f
245,word,보완자본(Tier 2),f
246,word,보완재,f
247,word,보통주자본(Common Equity Tier 1),f
248,word,보호무역주의,f
249,word,복수통화바스켓제도,f
250,word,본원소득,f
251,word,본원소득수지,f
252,word,본원통화,f
253,word,볼커룰,f
254,word,부가가치,f
255,word,부가가치기준 무역(TiVA),f
256,word,부가가치유발계수/부가가치계수,f
257,word,부동화/무권화,f
258,word,부실채권정리기금,f
259,word,부채담보부증권(CDO),f
260,word,부채비율,f
261,word,북미자유무역협정(NAFTA),f
262,word,분리결제,f
263,word,분산원장기술,f
264,word,분수효과,f
265,word,불완전경쟁시장,f
266,word,불태화정책,f
267,word,브레튼우즈체제,f
268,word,브렉시트(Brexit),f
269,word,브릭스,f
270,word,블록체인,f
271,word,블록체인과 탈중앙화,f
272,word,비관측경제(NOE),f
273,word,비교우위,f
274,word,비용인상 인플레이션,f
275,word,비트코인,f
276,word,빅데이터,f
277,word,빅맥지수,f
278,word,사이버리스크,f
279,word,사전담보제,f
280,word,사전적 정책방향 제시(forward guidance),f
281,word,4차 산업혁명,f
282,word,사회보장제도,f
283,word,사회보험,f
284,word,산업연관표(I/O Tables),f
285,word,삼불원칙,f
286,word,상계관세,f
287,word,상대적 빈곤율,f
288,word,상시감시제도/상시감시전담데스크,f
289,word,상장지수펀드(ETF),f
290,word,상품공동기금(CFC),f
291,word,상품수지,f
292,word,생산세,f
293,word,생산유발효과,f
294,word,생산자물가지수(PPI),f
295,word,생산자제품재고지수,f
296,word,생산자제품출하지수/생산자출하지수,f
297,word,생활물가지수,f
298,word,서비스수지,f
299,word,서킷브레이커,f
300,word,선물거래,f
301,word,선물환거래,f
302,word,선불카드/선불전자지급수단,f
303,word,선행종합지수,f
304,word,성장기여도,f
305,word,세계경제포럼(다보스포럼),f
306,word,세계무역기구(WTO),f
307,word,세계은행(World Bank),f
308,word,소득5분위배율,f
309,word,소득교역조건/소득교역조건지수,f
310,word,소득주도성장,f
311,word,소비의 비가역성,f
312,word,소비자동향지수(CSI),f
313,word,소비자물가지수(CPI),f
314,word,소비자심리지수,f
315,word,소액결제시스템,f
316,word,속물효과(스놉효과),f
317,word,수요견인 인플레이션,f
318,word,수요탄력성,f
319,word,수입유발계수,f
320,word,수입징수관/지출관,f
321,word,수출경합도지수,f
322,word,수출보험,f
323,word,수출입물가지수,f
324,word,수출입물량지수,f
325,word,수쿠크,f
326,word,수확체감의 법칙,f
327,word,순상품교역조건,f
328,word,순안정자금조달비율,f
329,word,순이자마진(NIM),f
330,word,순이체한도제,f
331,word,숨은 그림(은화),f
332,word,슈퍼301조,f
333,word,스마트계약,f
334,word,스무딩오퍼레이션,f
335,word,스왑,f
336,word,스왑레이트,f
337,word,스태그플레이션,f
338,word,스탠더드 & 푸어스,f
339,word,스톡옵션,f
340,word,스트레스 테스트(위기상황분석),f
341,word,시뇨리지,f
342,word,시스템 리스크,f
343,word,시스템적으로 중요한 금융기관,f
344,word,시장리스크,f
345,word,시장평균환율제도,f
346,word,신용경색,f
347,word,신용레버리지,f
348,word,신용스프레드,f
349,word,신용연계증권(CLN),f
350,word,신용위험(신용리스크),f
351,word,신용창조,f
352,word,신용파생상품,f
353,word,신용평가제도,f
354,word,신용환산율,f
355,word,신 재생에너지,f
356,word,신주인수권부사채(BW),f
357,word,신흥시장국채권지수(EMBI+),f
358,word,실망실업자,f
359,word,실물화폐/명목화폐,f
360,word,실업률,f
361,word,실업률갭,f
362,word,실질임금,f
363,word,실효환율,f
364,word,아세안+3 거시경제조사기구(AMRO),f
365,word,아시아개발은행(ADB),f
366,word,아시아인프라은행(AIIB),f
367,word,아시아태평양경제협력체(APEC),f
368,word,애그플레이션,f
369,word,양도성예금증서(CD),f
370,word,양적완화정책,f
371,word,어음관리계좌(CMA),f
372,word,어음교환,f
373,word,업무지속계획,f
374,word,에너지바우처제도,f
375,word,엥겔의 법칙,f
376,word,여신심사 가이드라인,f
377,word,여신전문금융회사,f
378,word,역모기지론,f
379,word,역선택,f
380,word,역외금융,f
381,word,역외펀드,f
382,word,연방준비제도(FRS)/연방준비은행(FRB),f
383,word,연불수출,f
384,word,연쇄가중법,f
385,word,연지급수입,f
386,word,영업잉여,f
387,word,영향력계수,f
388,word,예금보험제도,f
389,word,예대금리차(예대마진),f
390,word,예대율,f
391,word,예상손실,f
392,word,예약자금이체제도,f
393,word,옵션,f
394,word,와타나베 부인,f
395,word,완충자본,f
396,word,외국환거래법,f
397,word,외국환업무취급기관/외국환은행,f
398,word,외국환평형기금,f
399,word,외국환포지션,f
400,word,외국환포지션한도,f
401,word,외부자금,f
402,word,외부효과,f
403,word,외채/대외채권,f
404,word,외화가득액/외화가득율,f
405,word,외화자금시장,f
406,word,외환건전성부담금제도,f
407,word,외환결제리스크,f
408,word,외환동시결제(PVP),f
409,word,외환보유액,f
410,word,외환스왑거래,f
411,word,외환시장,f
412,word,외환전산망,f
413,word,요소비용,f
414,word,요소비용 국민소득,f
415,word,우발부채(채무),f
416,word,우발전환사채(코코본드),f
417,word,운영리스크,f
418,word,워싱턴 컨센서스,f
419,word,워크아웃,f
420,word,원/위안 직거래시장,f
421,word,원금리스크,f
422,word,원금이자분리채권(STRIPS),f
423,word,위험가중자산/위험가중치,f
424,word,위험기준자기자본비율(RBC비율),f
425,word,유동비율,f
426,word,유동성,f
427,word,유동성 함정,f
428,word,유동성딜레마,f
429,word,유동성리스크,f
430,word,유동성커버리지비율,f
431,word,유럽부흥개발은행(EBRD),f
432,word,유럽연합(EU),f
433,word,유럽중앙은행(ECB),f
434,word,유로달러(Euro dollar),f
435,word,유로마켓(Euro market),f
436,word,유리보(EURIBOR),f
437,word,유통시장,f
438,word,은선,f
439,word,은행경영공시제도,f
440,word,은행인수어음(BA),f
441,word,을기금(Capital B),f
442,word,의중임금,f
443,word,이슬람금융,f
444,word,이자보상배율,f
445,word,이전소득수지,f
446,word,이중통화채(dual currency bond),f
447,word,이표채,f
448,word,익스포저,f
449,word,인구고령화,f
450,word,인적자본,f
451,word,인터넷뱅킹,f
452,word,인터넷전문은행,f
453,word,인플레이션,f
454,word,일물일가의 법칙,f
455,word,일반특혜관세,f
456,word,일중RP제도,f
457,word,일중당좌대출제도,f
458,word,입금이체,f
459,word,자금관리서비스(CMS)공동망,f
460,word,자금순환표,f
461,word,자금조달비용지수(COFIX),f
462,word,자기띠 카드,f
463,word,자기자본비율,f
464,word,자동안정화장치,f
465,word,자발적 실업,f
466,word,자본거래자유화,f
467,word,자본생산성,f
468,word,자본시장통합법,f
469,word,자본이동자유화규약,f
470,word,자본적정성,f
471,word,자본적지출,f
472,word,자산건전성 분류,f
473,word,자산유동화,f
474,word,자연독점,f
475,word,자연실업률,f
476,word,자유무역협정(FTA),f
477,word,자유재,f
478,word,작업증명,f
479,word,잠상,f
480,word,잠재GDP성장률,f
481,word,잠재경제활동인구,f
482,word,장기금융시장(자본시장),f
483,word,장기침체,f
484,word,장내시장,f
485,word,장단기금리차,f
486,word,장외시장,f
487,word,재산소득,f
488,word,재정수지,f
489,word,재정정책,f
490,word,재정환율,f
491,word,저축률/총저축/평균소비성향/평균저축성향,f
492,word,적기시정조치제도,f
493,word,전방연쇄효과,f
494,word,전산업생산지수,f
495,word,전자금융,f
496,word,전자금융공동망,f
497,word,전자단기사채,f
498,word,전자상거래,f
499,word,전자서명,f
500,word,전자어음,f
501,word,전자정보교환제도,f
502,word,전자지급결제대행,f
503,word,전자화폐,f
504,word,전자화폐공동망,f
505,word,전환사채(CB),f
506,word,정규직/비정규직,f
507,word,정보의 비대칭성,f
508,word,정부당좌예금계정,f
509,word,정부실패,f
510,word,정책시차,f
511,word,정크본드,f
512,word,제1차 통화조치,f
513,word,제2차 통화조치,f
514,word,제로금리정책,f
515,word,제조업생산능력/가동률지수,f
516,word,제조업평균가동률갭,f
517,word,조세부담률,f
518,word,종합금융투자사업자,f
519,word,죄수의 딜레마,f
520,word,주가수익비율(PER),f
521,word,주가연계증권(ELS),f
522,word,주가지수,f
523,word,주가지수선물거래,f
524,word,주가지수옵션,f
525,word,주당순이익(EPS),f
526,word,주식시장,f
527,word,주택저당증권(MBS),f
528,word,중간소비,f
529,word,중개무역,f
530,word,중계무역,f
531,word,중앙거래당사자,f
532,word,중앙예탁기관,f
533,word,중앙은행,f
534,word,중앙은행 여수신제도,f
535,word,증거금,f
536,word,증권결제리스크,f
537,word,증권대금동시결제(DVP),f
538,word,지급,f
539,word,지급결제 및 시장인프라 위원회(BIS CPMI),f
540,word,지급결제시스템,f
541,word,지급결제제도 감시,f
542,word,지급수단,f
543,word,지급준비자산제도,f
544,word,지급준비제도,f
545,word,지니계수,f
546,word,지로(GIRO),f
547,word,지방은행공동망,f
548,word,지수기준년,f
549,word,지역금융협정,f
550,word,지적소유권,f
551,word,지정시점처리제도,f
552,word,지주회사,f
553,word,직불카드,f
554,word,직불카드공동망,f
555,word,직접투자,f
556,word,진성어음/융통어음,f
557,word,집단대출,f
558,word,집중도 지수(HHI),f
559,word,차액결제선물환(NDF) 거래,f
560,word,차액결제시스템,f
561,word,차입매수(LBO),f
562,word,채권시가평가,f
563,word,채권시장,f
564,word,채권시장안정펀드,f
565,word,채무상환유예(moratorium),f
566,word,청년실업률,f
567,word,청산,f
568,word,총고정자본형성,f
569,word,총부채상환비율(DTI),f
570,word,총부채원리금상환비율(DSR),f
571,word,총산출,f
572,word,총수입스왑(Total Return Swap),f
573,word,총액결제시스템,f
574,word,최저임금제,f
575,word,최종대부자 기능,f
576,word,최종수요/중간수요,f
577,word,추가경정예산,f
578,word,추심,f
579,word,추정손실,f
580,word,출구전략,f
581,word,출금이체,f
582,word,출자총액제한제도,f
583,word,치앙마이 이니셔티브(CMI),f
584,word,치킨게임,f
585,word,카르텔,f
586,word,캐리트레이드,f
587,word,커버드본드(이중상환청구권부 채권),f
588,word,컨트리리스크,f
589,word,코리보,f
590,word,콜시장,f
591,word,콜옵션,f
592,word,크라우드펀딩,f
593,word,타행환공동망,f
594,word,탄소배출권,f
595,word,테이퍼링(tapering),f
596,word,테일러 준칙(Taylor's rule),f
597,word,텔레뱅킹(폰뱅킹),f
598,word,토빈세(Tobin tax),f
599,word,통상임금,f
600,word,통합발행제도,f
601,word,통화스왑,f
602,word,통화승수,f
603,word,통화안정계정,f
604,word,통화안정증권,f
605,word,통화옵션,f
606,word,통화유통속도,f
607,word,통화전쟁,f
608,word,통화정책,f
609,word,통화정책 운영체제(monetary policy regime),f
610,word,통화정책 커뮤니케이션,f
611,word,통화정책 파급경로,f
612,word,통화정책수단,f
613,word,통화정책체계(monetary policy framework),f
614,word,통화지표,f
615,word,투입계수,f
616,word,투자율,f
617,word,투자은행,f
618,word,트리핀 딜레마(Triffin's dilemma),f
619,word,특별인출권(SDR),f
620,word,특수목적기구(SPV),f
621,word,파레토최적,f
622,word,파생금융상품,f
623,word,펀드,f
624,word,페더럴펀드,f
625,word,평가절상,f
626,word,평가절하,f
627,word,표면금리,f
628,word,풋옵션,f
629,word,프로그램매매,f
630,word,프로젝트 파이낸싱,f
631,word,피셔효과,f
632,word,피용자보수,f
633,word,핀테크,f
634,word,필립스곡선,f
635,word,한계비용,f
636,word,한계소비성향,f
637,word,한계효용,f
638,word,한국은행,f
639,word,한시적 근로자,f
640,word,한은금융망(BOK-Wire+),f
641,word,할당관세제도,f
642,word,합계출산율,f
643,word,헤지펀드,f
644,word,현금자동인출기(CD)공동망,f
645,word,현시비교우위지수(RCA),f
646,word,현지금융,f
647,word,현지법인,f
648,word,혼합형결제시스템,f
649,word,홀로그램,f
650,word,화폐교환,f
651,word,화폐발행/화폐발행액,f
652,word,화폐의 액면체계,f
653,word,화폐환수,f
654,word,환경계정,f
655,word,환경권,f
656,word,환리스크,f
657,word,환리스크헤지,f
658,word,환매조건부매매/RP/Repo,f
659,word,환어음,f
660,word,환율조작국,f
661,word,환전영업자(환전상),f
662,word,환차손/환차익,f
663,word,황금낙하산,f
664,word,회사채,f
665,word,회수의문,f
666,word,후방연쇄효과,f
667,word,후순위금융채,f
668,word,후행종합지수,f
669,word,Beyond GDP,f
670,word,BIS 자기자본비율,f
671,word,CAMEL-R시스템/ROCA시스템/CACREL시스템,f
672,word,CLS은행,f
673,word,CMO,f
674,word,DebtRank,f
675,word,EC방식,f
676,word,FTSE 지수,f
677,word,G2(Group of Two),f
678,word,G20(Group of 20),f
679,word,G7(Group of Seven),f
680,word,GDP갭,f
681,word,GDP디플레이터,f
682,word,Herstatt 리스크,f
683,word,IC카드,f
684,word,IMF 스탠드바이협약,f
685,word,IMF 쿼타,f
686,word,IMF 포지션,f
687,word,J커브효과,f
688,word,KIKO,f
689,word,LIBOR,f
690,word,M&A,f
691,word,MSCI 지수,f
692,word,N-B SRS,f
693,word,P2P대출,f
694,word,PF-ABCP,f
695,word,SWIFT,f
696,word,TED 스프레드,f
697,word,Treasury Bill(T/B),f
698,word,VAN사업자,f
699,word,VaR(Value at Risk),f
700,word,VIX,f
701,post,경제적 풍요가 행복의 조건 중 하나로 여겨지는 이유는 무엇일까?,f
702,post,일상생활에서 경제적 의사결정을 해야 하는 예시에는 어떤 것들이 있을까?,f
703,post,경제학이 부유함을 직접적으로 보장하지 않는 이유는 무엇일까?,f
704,post,경제지식이 합리적인 의사결정을 돕는 방법은 무엇일까?,f
705,post,주식 투자에서 경제지식이 어떻게 손실을 최소화하고 재산을 늘리는 데 도움을 줄까?,f
706,post,왜 국내 경기가 좋지 않은데도 수출은 잘 되고 있을 수 있을까?,f
707,post,환율이 매일 변동하는 이유는 무엇일까?,f
708,post,경기가 나쁜 상황에서도 물가는 왜 오를 수 있을까?,f
709,post,농산물이나 영화시장의 개방을 늦추려는 주장은 어떤 이유에서 나올까?,f
710,post,국민의 경제이해력이 국가 경제 발전에 어떤 영향을 미칠 수 있을까?,f
711,post,경제활동이란 무엇을 의미할까?,f
712,post,희소성'이란 경제적 용어는 무엇을 뜻할까?,f
713,post,경제문제는 무엇으로부터 출발할까?,f
714,post,어떻게 경제문제를 해결할 수 있을까?,f
715,post,왜 개인의 행복이 소비의 양과 질에 비례한다고 할 수 있을까?,f
716,post,경제에서 희소성은 어떤 역할을 할까?,f
717,post,선택의 대가란 무엇을 의미할까?,f
718,post,주부가 생활비를 사용하는 데 어떤 선택과 포기가 있을 수 있을까?,f
719,post,실업률과 인플레이션 간의 관계는 어떻게 설명할 수 있을까?,f
720,post,국가 경제에서 물가 상승을 막기 위한 긴축 정책의 잠재적인 결과는 무엇일까?,f
721,post,기회비용이란 무엇이며 왜 중요할까?,f
722,post,기회비용의 개념을 설명할 수 있는 일상적인 예시는 무엇일까?,f
723,post,세상에 공짜 점심은 없다는 말은 경제학적으로 어떤 의미일까?,f
724,post,경제적인 선택에서 비용과 편익을 어떻게 비교할까?,f
725,post,"저축은 어떤 경제적 선택을 의미하며, 왜 중요할까?",f
726,post,"한계적 사고''란 무엇이며, 경제적 의사결정에 어떻게 적용될까?",f
727,post,매몰비용이 경제적 선택에 영향을 미치지 않는 이유는 무엇일까?,f
728,post,항공사가 대기 승객에게 할인된 가격으로 티켓을 제공하는 결정은 어떻게 한계적 사고 방식을 나타낸 것일까?,f
729,post,소비자가 효용을 극대화하기 위해 고려해야 하는 요소는 무엇일까?,f
730,post,기업이 이윤을 최대화하기 위해 한계의 원칙을 어떻게 활용할까?,f
731,post,경제주체들이 의사결정을 할 때 유인(incentive)이 어떻게 영향을 미칠까?,f
732,post,유기농 채소의 가격 상승이 소비자와 농가에 각각 어떤 영향을 미칠까?,f
733,post,복지비 지출 증가로 인한 재정적자를 해결하기 위해 정부가 선택할 수 있는 방법은 무엇일까?,f
734,post,세율 인상이 단기적으로 세수에 미치는 긍정적인 효과와 장기적인 부정적인 효과는 무엇일까?,f
735,post,성공한 기업들이 종업원들의 근로 의욕을 높이기 위해 사용하고 있는 인센티브 제도는 어떤 것일까?,f
736,post,수요와 공급의 의사 결정은 각각 어떤 요인에 의해 변할까?,f
737,post,시장의 균형이란 어떤 상태를 의미할까?,f
738,post,균형가격은 어떻게 결정될까?,f
739,post,주어진 가격에서 수요량이 공급량보다 많을 경우 어떤 현상이 발생할까?,f
740,post,시장의 수요와 공급 변화를 현실에서 어떻게 관찰할 수 있을까?,f
741,post,미시경제와 거시경제는 각각 어떤 경제 문제를 분석할까?,f
742,post,미시경제와 거시경제를 비유적으로 설명하면 어떤 차이가 있을까?,f
743,post,나라 경제를 이해하기 위해서는 미시경제와 거시경제를 어떻게 함께 고려해야 할까?,f
744,post,미시경제는 어떤 경제 주체들의 의사결정을 분석할까?,f
745,post,거시경제 분야에서는 어떤 경제 변수들을 분석할까?,f
746,post,자본주의 시장경제체제의 핵심 원리는 무엇일까?,f
747,post,시장경제에서 가격이 자원 배분에 어떤 역할을 할까?,f
748,post,전문화와 분업이 경제 문제 해결에 어떻게 도움이 될까?,f
749,post,시장경제와 사회주의 계획경제의 주요 차이점은 무엇일까?,f
750,post,혼합경제는 어떤 이유로 필요할까?,f
751,post,경제문제가 쉽게 해결되지 않는 이유는 무엇일까?,f
752,post,크루그만에 따르면 경제학이 물리학보다 어려운 이유는 무엇일까?,f
753,post,경제학자들이 동일한 경제 문제에 대해 여러 해답을 제시할 수 있는 이유는 무엇일까?,f
754,post,현실 경제를 과학적인 실험실과 비교할 때의 어려움은 무엇일까?,f
755,post,경제현상인 경기 변동과 인플레이션을 예측하기 어려운 이유는 무엇일까?,f
756,post,인터넷 예매 시스템이 도입되었음에도 불구하고 기차표를 구하기 어려운 이유는 무엇일까?,f
757,post,명절 기차표의 수요가 공급량을 초과하는 상황에서의 가격기구의 문제점은 무엇일까?,f
758,post,가격기구가 제대로 작동하지 않을 때 나타날 수 있는 불편한 상황의 예시는 무엇일까?,f
759,post,가격기구가 시장에서 하는 주요 역할은 무엇일까?,f
760,post,가격의 변화가 생산자에게 어떤 동기를 제공할까?,f
761,post,시장은 어떤 형태로 존재할 수 있을까?,f
762,post,왜 법률사무소도 시장의 한 형태로 간주될 수 있을까?,f
763,post,생산요소가 거래되는 시장의 예시로는 어떤 것들이 있을까?,f
764,post,전통적인 시장과 현대적인 시장의 차이는 무엇일까?,f
765,post,시장에서 작용하는 두 개의 대립적인 힘은 무엇일까?,f
766,post,아담 스미스는 시장의 '보이지 않는 손'을 어떻게 설명하였을까?,f
767,post,시장에서 어떤 상품의 가격이 저절로 변하는 현상은 어떻게 설명될까?,f
768,post,사람들은 왜 다른 사람의 이익을 생각하지 않고 자신의 이익을 추구할까?,f
769,post,시장에서 각자의 이익 추구가 어떻게 질서와 조화를 이루는 결과로 이어질까?,f
770,post,보이지 않는 손'이 경제 활동에서 어떤 역할을 한다고 할까?,f
771,post,소비자잉여란 무엇이며 어떻게 계산될까?,f
772,post,왜 소비자는 지불한 금액보다 큰 만족감을 얻을까?,f
773,post,생산자잉여가 발생하는 이유는 무엇일까?,f
774,post,사과를 생산하는 사람이 기대한 수입과 실제 수입의 차이로 얻는 이득을 무엇이라 부를까?,f
775,post,사회적 잉여는 어떤 상황에서 최대화될 수 있을까?,f
776,post,시장경제에서 경쟁이 중요한 이유는 무엇일까?,f
777,post,경쟁이 시장의 가격기구에 미치는 영향은 무엇일까?,f
778,post,경쟁이 기술진보를 유발하는 이유는 무엇일까?,f
779,post,자유롭고 공정한 경쟁의 조건은 무엇일까?,f
780,post,시장에서 경쟁이 자유롭고 공정하게 이루어지지 않을 경우 어떤 결과가 초래될까?,f
781,post,완전경쟁시장이 현실적으로 존재하기 어려운 이유는 무엇일까?,f
782,post,완전경쟁시장이 갖춰야 할 조건들은 무엇일까?,f
783,post,완전경쟁시장에서 모든 시장참가자들이 가격에 대해 어떤 역할을 할까?,f
784,post,완전경쟁시장에서 가격의 신호기능이 제대로 작동하는 이유는 무엇일까?,f
785,post,완전경쟁시장에서 시장참가자들이 어떤 정보를 가져야 한다고 할까?,f
786,post,"시장경제에서 가계, 기업, 정부, 국외 부문의 각각의 역할은 무엇일까?",f
787,post,기업이 경제활동에서 추구하는 주요 목표는 무엇일까?,f
788,post,정부가 시장경제에서 맡고 있는 주요 역할은 무엇일까?,f
789,post,개방경제에서 국외부문이 구분되는 이유는 무엇일까?,f
790,post,가계는 소비 과정에서 어떠한 목표를 달성하려고 할까?,f
791,post,가계가 경제에서 수행하는 역할은 무엇일까?,f
792,post,기업이 사회에 공급해야 하는 기본적인 상품과 서비스는 무엇일까?,f
793,post,정부가 시장경제를 올바르게 기능하도록 하기 위해 하는 일은 무엇일까?,f
794,post,국외부문과 관련하여 우리나라의 경제활동에 어떤 영향을 미칠까?,f
795,post,경제활동에서 소득의 불균형을 완화하기 위해 정부는 어떤 제도를 운영할까?,f
796,post,중세시대에는 왜 생산비용에 따라 가격이 결정된다고 생각했을까?,f
797,post,시장경제에서 상품의 가격은 어떻게 결정될까?,f
798,post,수요가 공급보다 많을 때 시장기구는 어떻게 작동할까?,f
799,post,"균형가격과 수요, 공급의 관계는 어떻게 변화할까?",f
800,post,수요와 공급이 동시에 증가하면 가격은 어떻게 결정될까?,f
801,post,경제에서 탄력성이란 무엇을 의미할까?,f
802,post,소득탄력성과 관련하여 정상재와 열등재의 차이는 무엇일까?,f
803,post,수요의 가격탄력성이 기업의 수입에 미치는 영향은 어떻게 될까?,f
804,post,교차탄력성이 양(+)인 경우와 음(-)인 경우에 대해 설명해 줄까?,f
805,post,생활필수품의 가격탄력성이 일반적으로 작은 이유는 무엇일까?,f
806,post,공급의 가격탄력성은 무엇을 의미할까?,f
807,post,공급의 가격탄력성에 영향을 미치는 주요 요인은 무엇일까?,f
808,post,쌀과 반도체의 가격이 올랐을 때 각각의 공급이 어떻게 반응할까?,f
809,post,상품세가 부과될 때 소비자와 생산자 중 누가 더 세금 부담을 지는지는 무엇에 따라 결정될까?,f
810,post,수요가 가격탄력적이고 공급이 비탄력적일 때 세금 부과의 부담은 어떻게 나눠질까?,f
811,post,"경쟁시장, 독점시장, 과점시장은 공급자 수를 기준으로 어떻게 구분될까?",f
812,post,독점시장에서의 진입장벽은 어떤 방식으로 발생할 수 있을까?,f
813,post,경쟁시장에서 개별 기업이 가격에 미치는 영향은 어떨까?,f
814,post,과점시장에서 진입장벽은 어느 정도로 존재할까?,f
815,post,한전이 전기 공급을 하는 한국의 시장 형태는 무엇일까?,f
816,post,독과점시장이 완전경쟁시장에 비해 사회적 후생에 어떤 영향을 미칠까?,f
817,post,독점시장이 형성되고 유지되는 다섯 가지 이유는 무엇일까?,f
818,post,"자연독점이란 무엇이며, 어떤 산업에서 주로 발생할까?",f
819,post,과점시장에서는 어떤 형태의 경쟁과 문제가 발생할 수 있을까?,f
820,post,독점이나 과점시장에서 소비자는 어떤 영향을 받게 될까?,f
821,post,우리나라 정부가 시장 지배적 사업자로 정의하는 기준은 무엇일까?,f
822,post,공정거래법에 의해 규제되는 독과점사업자의 행위에는 어떤 것들이 있을까?,f
823,post,독과점기업에 대한 규제가 필요한 이유는 무엇일까?,f
824,post,공정거래법은 어떤 종류의 불공정거래 행위를 금지하고 있을까?,f
825,post,독과점사업자의 불법 행위가 적발될 경우 어떤 시정조치가 취해질 수 있을까?,f
826,post,박제가가 '북학의'에서 소비의 중요성을 우물물에 비유하여 설명한 이유는 무엇일까?,f
827,post,소비가 증가하면 기업과 산업에 어떤 영향을 미칠까?,f
828,post,어떤 상품에 대한 가계의 소비가 감소할 경우 기업과 산업에는 어떤 결과가 초래될까?,f
829,post,소비의 역할이 경제와 기술 발전에 미치는 영향은 무엇일까?,f
830,post,비단옷과 기교 있는 질그릇 예를 통해 알 수 있는 소비와 생산의 관계는 무엇일까?,f
831,post,효용과 한계효용의 정의는 무엇일까?,f
832,post,한계효용이 감소하는 현상은 어떤 사례로 설명할 수 있을까?,f
833,post,한계효용이 감소하지 않는다면 어떤 결과가 발생할 수 있을까?,f
834,post,재화의 한계효용 감소 속도는 어떻게 다른가?,f
835,post,소비자들이 예산 제약 내에서 효용을 최대화하려는 이유는 무엇일까?,f
836,post,합리적인 소비란 무엇을 의미할까?,f
837,post,계획적인 소비생활을 위해 어떤 구체적인 방법들이 제안될까?,f
838,post,소비자들이 합리적인 소비를 하기 위해 필요한 바람직한 가치관은 무엇일까?,f
839,post,가격과 품질을 고려한 소비를 하려면 어떤 점들을 고려해야 할까?,f
840,post,생산적인 소비활동은 어떤 방식으로 이루어져야 할까?,f
841,post,기업이 경제 성장에 기여하는 방식은 무엇일까?,f
842,post,포스코와 같은 대기업이 지역 경제에 미치는 영향은 어떤 것일까?,f
843,post,왜 지방자치 단체나 국가들이 공업단지나 외국 기업을 유치하려고 할까?,f
844,post,한국 기업들이 국가 이미지를 개선하는 데 어떤 역할을 하고 있을까?,f
845,post,한국의 인구규모와 국민총소득 대비 세계 상위권 산업을 유지하는 분야는 무엇일까?,f
846,post,기업이 이윤을 크게 하려면 어떤 측면을 고려해야 할까?,f
847,post,회계비용과 경제적 비용은 어떻게 구분될까?,f
848,post,왜 기회비용을 고려해야 진정한 비용의 의미를 알 수 있을까?,f
849,post,경제적 이윤과 회계상 이윤의 차이는 무엇일까?,f
850,post,암묵적 비용이란 무엇이며 어떤 사례가 있을까?,f
851,post,"규모의 경제란 무엇이며, 어떤 조건 하에서 나타나는 걸까?",f
852,post,아담 스미스가 핀 공장을 예로 들어 설명한 경제 개념은 무엇일까?,f
853,post,"0.6규칙''이란 무엇이며, 어떻게 규모의 경제와 관련이 있을까?",f
854,post,"범위의 경제란 무엇일까, 그리고 이 개념이 적용되는 사례는 어떤 것들이 있을까?",f
855,post,인수 합병이 규모의 경제와 어떤 관련이 있을까?,f
856,post,기업가정신이 제4의 생산요소로 간주되는 이유는 무엇일까?,f
857,post,슘페터가 강조한 창조적 파괴(creative destruction)이란 무엇일까?,f
858,post,기업가정신이 특히 중요하게 여겨지는 분야는 무엇일까?,f
859,post,기업이 이윤을 사회에 환원하는 것 외에도 사회적 책임을 다할 수 있는 방법은 무엇일까?,f
860,post,왜 많은 기업들이 '정도경영'이나 '열린경영'과 같은 슬로건을 채택하여 경영성과를 사회로 환원하려고 하는 것일까?,f
861,post,공공재의 예시에는 어떤 것들이 있을까?,f
862,post,왜 민간기업이 사회간접자본의 건설을 담당하기 어려울까?,f
863,post,정부가 경제 활동에서 어떤 역할을 하고 있을까?,f
864,post,정부가 재정활동을 위해 주로 사용하는 수단은 무엇일까?,f
865,post,과거와 비교하여 오늘날 정부의 역할은 어떻게 변화했을까?,f
866,post,우리나라 중앙정부의 조세수입이 전체 재정수입에서 차지하는 비중은 어느 정도일까?,f
867,post,개인과 기업들이 내는 주요 세금 종류에는 어떤 것들이 있을까?,f
868,post,세외수입은 어떤 유형의 활동을 통해 얻어질까?,f
869,post,정부의 경상지출에는 어떤 주요 항목들이 포함될까?,f
870,post,현대 사회에서 정부의 재정지출이 증가하는 이유는 무엇일까?,f
871,post,시장에서 '보이지 않는 손'이란 무엇을 의미할까?,f
872,post,시장의 경제활동이 무질서해 보이지만 질서와 조화를 이루는 이유는 무엇일까?,f
873,post,"시장실패란 무엇이며, 어떤 상황에서 발생할까?",f
874,post,아담 스미스가 언급한 '보이지 않는 손'은 시장에서 어떠한 역할을 할까?,f
875,post,시장에서 서로 다른 이해 관계가 적절히 절충되는 이유는 무엇일까?,f
876,post,시장실패의 주요 원인에는 어떤 것들이 있을까?,f
877,post,독과점 시장에서 발생할 수 있는 문제는 무엇일까?,f
878,post,외부효과가 시장에 미치는 영향은 어떻게 나타날까?,f
879,post,공공재가 시장실패를 일으킬 수 있는 이유는 무엇일까?,f
880,post,정보의 비대칭이 시장 거래에 어떤 영향을 미칠까?,f
881,post,시장 실패의 보완을 위해 정부가 취하는 조치는 무엇일까?,f
882,post,공정거래와 소비자 권리를 보호하기 위한 정부의 기구는 무엇이 있을까?,f
883,post,부정적 외부효과를 줄이기 위한 정부의 정책은 어떤 것이 있을까?,f
884,post,소득분배의 불균형을 개선하기 위한 정부의 역할은 무엇일까?,f
885,post,소득 격차 확대가 사회에 미치는 영향은 무엇일까?,f
886,post,정부실패는 왜 발생하게 될까?,f
887,post,정부실패를 최소화하기 위해 어떤 노력이 필요할까?,f
888,post,정부의 시장개입이 가져오는 긍정적인 측면과 부정적인 측면은 무엇일까?,f
889,post,공기업이 민간기업에 비해 경제활동의 효율성이 낮은 이유는 무엇일까?,f
890,post,정부의 정책결정 과정을 투명하게 함으로써 얻을 수 있는 이점은 무엇일까?,f
891,post,조세가 단순한 정부 수입원 이상의 의미를 갖는 이유는 무엇일까?,f
892,post,소득 재분배를 위해 조세가 어떻게 활용될까?,f
893,post,조세가 경제안정을 도모하는 수단으로 어떻게 사용될까?,f
894,post,큰 정부와 작은 정부 논쟁이 조세부담과 어떻게 관련되어 있을까?,f
895,post,현재의 조세부담 수준에 대한 다양한 의견에는 어떤 것들이 있을까?,f
896,post,절세와 탈세의 차이는 무엇일까?,f
897,post,"조세회피란 무엇이며, 어떤 예시가 있을까?",f
898,post,세금을 강제적으로 거둬들이는 이유는 무엇일까?,f
899,post,탈세가 발생했을 때의 사회적 영향은 무엇일까?,f
900,post,왜 조세회피는 사회적 비난의 대상이 될 수 있는지 설명해 줄까?,f
901,post,바람직한 조세제도가 가져야 할 두 가지 주요 요건은 무엇일까?,f
902,post,조세 부과가 개인과 기업의 행동에 미치는 영향은 어떨까?,f
903,post,편익원칙과 능력원칙의 차이는 무엇일까?,f
904,post,공평과세 원칙의 확립에서 주로 문제로 지적되는 것은 무엇일까?,f
905,post,조세제도의 공평성을 제고하기 위한 방법에는 어떤 것들이 있을까?,f
906,post,경제주체가 완전한 정보를 갖고 있지 않은 상황에서 정보를 얻으려는 행동을 무엇이라고 할까?,f
907,post,"탐색행위에는 어떤 비용이 따르며, 경제주체는 어떻게 이 비용과 편익을 비교할까?",f
908,post,탐색행위로 얻은 편익의 크기는 어떤 요인에 의해 커질 수 있을까?,f
909,post,"탐색행위의 비용은 주로 무엇과 관련이 있으며, 어떤 요인에 의해 달라질 수 있을까?",f
910,post,"대기업 사장과 대학생이 같은 시간을 탐색할 경우, 비용 차이가 나는 이유는 무엇일까?",f
911,post,여행객들이 기차역이나 터미널 주변의 음식점 대신 시내 쪽으로 가는 이유는 무엇일까?,f
912,post,시간에 쫓기는 사람들이 역 앞의 음식점을 선택하는 이유는 무엇일까?,f
913,post,왜 여행객들은 좋은 음식점을 찾기 위해 적극적인 탐색행위를 하지 않는다고 할까?,f
914,post,기사식당의 음식 맛이 일반적으로 좋은 이유는 무엇일까?,f
915,post,운전기사들이 음식점을 탐색할 유인이 큰 이유는 무엇일까?,f
916,post,중고차시장에서 정보 비대칭이 발생하는 이유는 무엇일까?,f
917,post,참살구'와 '개살구'의 차이는 어떻게 설명할 수 있을까?,f
918,post,역선택 현상이 중고차시장에 미치는 영향은 무엇일까?,f
919,post,시그널링(signaling)이 중고차시장에서 어떤 역할을 할 수 있을까?,f
920,post,정부가 건강보험 시장에서 강제 가입을 도입하는 이유는 무엇일까?,f
921,post,주주와 경영자 간의 이해관계 불일치는 무엇일까?,f
922,post,"본인-대리인 문제란 무엇이며, 어떤 예시들이 있을까?",f
923,post,"도덕적 해이란 무엇이며, 어떻게 발생할 수 있을까?",f
924,post,도덕적 해이를 방지하기 위한 대리계약상의 적절한 장치는 무엇일까?,f
925,post,스톡옵션이 경영자의 동기를 어떻게 변화시킬까?,f
926,post,전략적 상황에서 경제주체가 고려해야 할 요소들은 무엇일까?,f
927,post,전략적 상황의 예로 기업이 가격을 낮출 때 고려해야 할 사항은 무엇일까?,f
928,post,상대방의 반응을 예측해야 하는 이유는 무엇일까?,f
929,post,가격 경쟁에서 경쟁기업의 반응을 예상하는 것이 중요한 이유는 무엇일까?,f
930,post,어떤 상황에서 '공연히 벌집만 건드린 상황'이 발생할까?,f
931,post,용의자의 딜레마 게임 이론에서 두 용의자가 처한 상황은 무엇일까?,f
932,post,용의자의 딜레마 게임에서 각자가 자백하거나 부인할 경우 받을 수 있는 형량은 어떻게 될까?,f
933,post,"카르텔에서 기업들이 협정을 위반하는 이유는 무엇일까, 그 결과는 어떻게 될까?",f
934,post,왜 현실에서 담합이 오랜 기간 유지되는 경우가 있는 걸까?,f
935,post,용의자의 딜레마 게임이 카르텔과 어떤 유사점을 가지고 있는지 설명해 줄래?,f
936,post,A회사의 광고 전략은 어떤 방식으로 경쟁업체에 영향을 미칠까?,f
937,post,왜 A회사에서 자동차를 구매하는 것이 합리적인 소비자 선택이 될 수 있을까?,f
938,post,A회사의 광고 전략은 어떤 결과를 초래할 것으로 예상될까?,f
939,post,A회사가 광고 전략을 통해 달성하고자 하는 목표는 무엇일까?,f
940,post,A회사의 가격 전략이 공정거래당국의 제재를 받을 수 있는 이유는 무엇일까?,f
941,post,환경문제가 본격적으로 관심을 받기 시작한 시기는 언제일까?,f
942,post,유엔 인간환경회의가 처음 열린 장소와 주제는 무엇일까?,f
943,post,경제발전이 환경에 미친 부정적 영향은 무엇일까?,f
944,post,환경문제가 쉽게 해결되지 않는 이유는 무엇일까?,f
945,post,환경오염이 발생하는 과정에서 나타나는 시차 문제는 어떤 영향을 미칠까?,f
946,post,"공유자원이란 무엇이며, 어떤 예시들이 있을까?",f
947,post,공유자원의 비극'이란 무엇을 의미할까?,f
948,post,공유자원의 비극이 발생하는 이유는 무엇일까?,f
949,post,반달가슴곰의 상황은 왜 공유자원의 비극과 관련이 있을까?,f
950,post,개인 소유권이 없는 환경에서 자원을 보호하기 위한 방법은 무엇일까?,f
951,post,정부의 직접규제 방식에는 어떤 사례들이 있을까?,f
952,post,직접규제의 문제점은 무엇일까?,f
953,post,시장의 가격기구를 활용한 환경 보호 방법에는 어떤 것들이 있을까?,f
954,post,오염배출권 제도가 어떻게 작동할까?,f
955,post,우리나라에서 시행 중인 환경 관련 부담금 제도에는 어떤 것들이 있을까?,f
956,post,국민소득의 정의와 중요성은 무엇일까?,f
957,post,국민소득을 통해 국가경제의 풍요로움을 판단하는 이유는 무엇일까?,f
958,post,"경제지표의 예시에는 어떤 것들이 있으며, 이들이 국가경제를 평가하는 데 어떤 역할을 할까?",f
959,post,왜 외환보유액이나 경상수지만으로 한 나라의 경제수준을 판단하기 어려울까?,f
960,post,국민경제의 활동수준을 종합적으로 판단하기 위해 어떤 지표를 사용할까?,f
961,post,재무제표를 작성할 때 왜 일정한 기준이 중요할까?,f
962,post,우리나라의 국민소득 통계는 어떤 국제적 기준에 따라 작성될까?,f
963,post,국내총생산(GDP)과 국민총소득(GNI)의 차이는 무엇일까?,f
964,post,국내총생산을 측정할 때 '새로 생산한 재화와 서비스의 가치'는 어떻게 정의될까?,f
965,post,왜 현대 경제에서는 국내 개념이 국민소득 개념보다 더 중시되는 경향이 있을까?,f
966,post,국내총생산과 국민총소득의 차이는 무엇일까?,f
967,post,"총생산, 분배국민소득, 지출국민소득의 관계는 무엇일까?",f
968,post,국민소득의 3면 등가의 법칙이란 무엇일까?,f
969,post,최근 들어 국내총소득(GDI)과 국민총소득(GNI)의 사용이 증가하는 이유는 무엇일까?,f
970,post,생산지표와 소득지표의 차이점은 무엇일까?,f
971,post,명목국민소득과 실질국민소득의 차이는 무엇일까?,f
972,post,명목국민소득이 커지는 경우는 어떤 상황들일까?,f
973,post,실질국민소득은 어떤 경우에만 증가할까?,f
974,post,명목국민소득은 주로 어떤 정보를 알아보는 데 사용될까?,f
975,post,실질국민소득을 이용할 때 주로 어떤 경제적 현상을 분석할까?,f
976,post,국민총처분가능소득이란 무엇일까?,f
977,post,저축률과 투자율은 어떻게 구할까?,f
978,post,우리나라의 저축률이 가장 높았던 시기는 언제일까?,f
979,post,"경제구조란 무엇이며, 우리나라의 경제구조는 어떻게 변화했을까?",f
980,post,경제구조를 분석할 때 고려하는 두 가지 비중은 무엇일까?,f
981,post,한 나라의 경제력이나 경제규모를 비교하기 위한 지표로 명목 국민총소득이 적합한 이유는 무엇일까?,f
982,post,국민의 생활 수준을 비교하는 데 1인당 국민소득이 더 적합한 이유는 무엇일까?,f
983,post,각국 간 경제 수준을 비교하기 위해 사용하는 통화는 무엇일까?,f
984,post,2018년 당시 우리나라의 명목 국민총소득과 스웨덴과의 비교에서 나타난 차이는 무엇일까?,f
985,post,우리나라의 1인당 국민총소득이 1960년대 이후 어떻게 변화해 왔을까?,f
986,post,왜 국민소득이 경제복지수준을 정확하게 반영하지 못할까?,f
987,post,시장에서 거래되지 않는 재화나 서비스가 국민소득에 포함되지 않는 예시는 무엇일까?,f
988,post,순경제후생(NEW) 지표의 단점은 무엇일까?,f
989,post,"녹색(Green) GDP란 무엇이며, 무엇을 반영하려는 시도일까?",f
990,post,GDP 통계가 다른 후생지표보다 선호되는 이유는 무엇일까?,f
991,post,경제성장'과 '물가 안정'을 경제 목표로 삼는 이유는 무엇일까?,f
992,post,"경제성장률이란 무엇이며, 어떻게 측정될까?",f
993,post,실질 경제성장률과 잠재성장률의 차이는 무엇일까?,f
994,post,잠재성장률이 실제 경제성장률보다 높거나 낮을 때 어떤 경제적 현상이 발생할까?,f
995,post,잠재성장률을 지속적으로 높은 수준으로 유지하는 것이 왜 중요할까?,f
996,post,경제성장이 단기적으로 총수요의 변화에 영향을 받는 이유는 무엇일까?,f
997,post,장기 경제성장에 있어서 기술진보가 중요한 이유는 무엇일까?,f
998,post,"왜 생산요소로서 노동과 자본이 중요하지만, 경제가 성숙단계에 이르면 한계를 보일까?",f
999,post,기술진보가 이루어지면 왜 수확체감의 법칙이 적용되지 않을까?,f
1000,post,동아시아의 경제성장이 '땀에 의한 결과'라고 크루그만이 표현한 이유는 무엇일까?,f
1001,post,물가수준을 어떻게 나타낼까?,f
1002,post,물가지수는 어떻게 계산될까?,f
1003,post,물가변동이 가계와 기업에 미치는 영향은 무엇일까?,f
1004,post,가격과 가치는 어떻게 구분될까?,f
1005,post,상품별 가격변동이 전반적인 물가 판단에 어려움을 주는 이유는 무엇일까?,f
1006,post,소비자물가지수(CPI)와 생산자물가지수(PPL)의 차이는 무엇일까?,f
1007,post,국내공급물가지수(DSPI)와 총산출물가지수(TOPI)는 어떤 방식으로 물가를 측정할까?,f
1008,post,"근원인플레이션이란 무엇이며, 어떤 품목들을 제외하고 작성할까?",f
1009,post,수출입물가지수는 어떤 목적과 용도로 사용될까?,f
1010,post,GDP 디플레이터는 다른 물가지수와 비교해 어떤 특징을 가지고 있을까?,f
1011,post,물가지수는 경제생활에서 어떤 역할을 할까?,f
1012,post,물가지수를 통해 돈의 구매력 변화를 어떻게 측정할 수 있을까?,f
1013,post,물가지수가 경기판단 지표로서 사용되는 이유는 무엇일까?,f
1014,post,소비자물가의 상품성질별 분류 지수가 경제 분석에 어떻게 활용될까?,f
1015,post,물가지수를 통해 국민경제의 안정성을 어떻게 진단할 수 있을까?,f
1016,post,가격은 시장에서 어떻게 결정될까?,f
1017,post,인플레이션과 디플레이션의 차이가 무엇일까?,f
1018,post,수요견인 인플레이션과 비용인상 인플레이션의 차이는 무엇일까?,f
1019,post,경제 각 부문의 지출에 영향을 주는 요인에는 어떤 것들이 있을까?,f
1020,post,생산원가 상승이 국내 물가에 어떻게 영향을 미칠 수 있을까?,f
1021,post,인플레이션을 완벽하게 예상할 수 있다면 사회적 비용이 크지 않을 수 있는 이유는 무엇일까?,f
1022,post,인플레이션이 봉급생활자나 연금수령자의 생활에 미치는 영향은 무엇일까?,f
1023,post,인플레이션이 부의 분배에 어떤 왜곡을 일으키며 그 결과는 무엇일까?,f
1024,post,인플레이션이 기업의 설비투자와 국제수지에 미치는 부정적인 영향은 무엇일까?,f
1025,post,디플레이션이 경제에 미치는 부정적인 영향과 그에 따른 경제적 악순환의 이유는 무엇일까?,f
1026,post,체감물가와 지수물가가 서로 다른 이유는 무엇일까?,f
1027,post,소비자의 주관적 느낌이 체감물가에 어떤 영향을 미칠까?,f
1028,post,생활수준 향상이나 자녀 성장으로 인한 소비지출 증가가 물가상승으로 착각될 수 있는 이유는 무엇일까?,f
1029,post,품질 향상된 제품의 가격 차이가 실제 물가지수에 어떻게 반영될까?,f
1030,post,사람들이 물가변동을 판단할 때 심리적 요인이 어떻게 작용할까?,f
1031,post,물가지수 작성 방법의 구조적인 한계는 무엇일까?,f
1032,post,기준년 개편과 가중치 조정이 체감물가와 지수물가에 어떤 영향을 미칠까?,f
1033,post,웰빙 붐이 물가지수에 미치는 영향에는 어떤 것이 있을까?,f
1034,post,우리나라에서 소비자물가지수 작성 시 체감물가를 고려하기 위한 방안은 무엇일까?,f
1035,post,생활물가지수와 신선식품지수는 어떤 역할을 할까?,f
1036,post,경기를 정확히 파악하는 것이 왜 중요할까?,f
1037,post,경기변동 또는 경기순환이란 무엇일까?,f
1038,post,경기의 상승국면과 하강국면은 각각 어떻게 구분될까?,f
1039,post,우리나라의 경기순환 주기는 얼마나 불규칙적이고 비대칭적일까?,f
1040,post,경기변동이 발생하는 주요 요인은 무엇일까?,f
1041,post,국민소득 통계를 이용한 경기 진단의 한계는 무엇일까?,f
1042,post,빅데이터를 활용한 경기 동향 파악의 예로는 어떤 것들이 있을까?,f
1043,post,경기종합지수를 활용한 경기 예측의 장점과 단점은 무엇일까?,f
1044,post,"설문조사를 통한 경기동향 파악 방법에는 어떤 것들이 있으며, 이 방법의 단점은 무엇일까?",f
1045,post,계량모형을 이용한 경기 예측의 장점과 그 한계는 무엇일까?,f
1046,post,연착륙과 경착륙의 경제적 의미는 무엇일까?,f
1047,post,경기가 나빠지면 실업이 증가하는 이유는 무엇일까?,f
1048,post,1930년대 대공황 시기의 대량 실업이 사회에 미친 영향은 무엇일까?,f
1049,post,산업혁명 이후 실업 문제가 중요해진 이유는 무엇일까?,f
1050,post,실업이 개인과 사회에 미치는 영향은 무엇일까?,f
1051,post,"경기적 실업은 무엇이며, 어떤 상황에서 발생할까?",f
1052,post,마찰적 실업이 존재하는 이유와 이를 감소시키기 위한 대책은 무엇일까?,f
1053,post,"구조적 실업의 예로 어떤 사례들이 있으며, 이를 줄이기 위한 방법은 무엇일까?",f
1054,post,"완전고용 상태란 무엇이며, 왜 실업률 0%를 의미하지 않는 걸까?",f
1055,post,"자연실업률이란 무엇이며, 왜 이를 완전고용 실업률이라고도 부를까?",f
1056,post,"노동가능인구는 어떻게 정의되며, 어떤 집단이 여기에서 제외될까?",f
1057,post,경제활동참가율은 어떻게 산출될까?,f
1058,post,취업자와 실업자는 각각 어떻게 구분될까?,f
1059,post,비경제활동인구에는 어떤 사람들이 포함될까?,f
1060,post,실업률이 체감실업률보다 낮게 느껴지는 이유는 무엇일까?,f
1061,post,임금은 사용자와 근로자 사이에 어떻게 결정될까?,f
1062,post,"최저임금제는 어떤 목적으로 시행되며, 주로 어느 계층에 적용될까?",f
1063,post,임금 수준을 결정할 때 고려해야 할 중요한 요소는 무엇일까?,f
1064,post,"임금 상승이 노동생산성 증가율보다 높을 경우, 어떤 경제적 결과를 초래할 수 있을까?",f
1065,post,임금이 경제에 미치는 영향은 무엇일까?,f
1066,post,명목임금과 실질임금의 차이는 무엇일까?,f
1067,post,실질임금이 줄어들면 근로자의 구매력에 어떤 영향을 미칠까?,f
1068,post,물가연동제가 무엇일까?,f
1069,post,물가연동제가 실질임금에 미치는 부작용은 무엇일까?,f
1070,post,물가연동제 사용 시 기준으로 삼을 수 있는 물가지수의 문제점은 무엇일까?,f
1071,post,돈이 어떤 방식으로 경제활동을 원활하게 하는 역할을 할까?,f
1072,post,돈은 어떤 다양한 의미로 사용될까?,f
1073,post,주식이 돈으로 간주되지 않는 이유는 무엇일까?,f
1074,post,돈과 화폐는 어떤 차이가 있을까?,f
1075,post,금융기관은 개인이 저축한 돈을 어떻게 활용할까?,f
1076,post,물물교환 경제에서 거래 비용이 많이 드는 이유는 무엇일까?,f
1077,post,돈의 교환매개 기능이 경제의 효율성을 어떻게 높일까?,f
1078,post,왜 물건의 경제적 가치를 돈으로 표시하는 것이 더 유리할까?,f
1079,post,돈이 가치를 저장하는 기능을 하는 이유와 다른 자산과의 차이점은 무엇일까?,f
1080,post,돈의 가치 저장 기능이 다른 금융자산과 비교했을 때 어떤 장점이 있을까?,f
1081,post,상품화폐와 금속화폐의 차이는 무엇일까?,f
1082,post,금속화폐가 화폐로서 유리한 조건을 갖추고 있는 이유는 무엇일까?,f
1083,post,"그레샴의 법칙이란 무엇이며, 어떻게 주조화폐에 영향을 미쳤을까?",f
1084,post,왜 지폐는 18세기에 이르러서야 본격적으로 유통되기 시작했을까?,f
1085,post,초기에 사람들이 교환의 매개물로 사용한 물품에는 어떤 것들이 있었을까?,f
1086,post,지폐의 출현 배경과 초기 형태는 어떻게 되었을까?,f
1087,post,태환지폐와 불환지폐의 차이점은 무엇일까?,f
1088,post,현대 사회에서 법화와 관리통화제도의 역할은 무엇일까?,f
1089,post,조선시대 당백전의 남발이 경제에 미친 영향은 무엇이었을까?,f
1090,post,현금 없는 사회'의 개념과 주요 원인은 무엇일까?,f
1091,post,중앙은행이 돈을 공급하는 방법에는 어떤 것들이 있을까?,f
1092,post,"본원통화는 어떻게 창출되며, 그 역할은 무엇일까?",f
1093,post,은행이 고객의 예금을 안전하게 보관하기 위해 도입된 제도는 무엇일까?,f
1094,post,"지급준비금이란 무엇이며, 은행에 어떤 영향을 미칠까?",f
1095,post,한국의 중앙은행인 한국은행과 유사한 역할을 하는 다른 나라의 기관들은 무엇일까?,f
1096,post,통화를 중앙은행뿐만 아니라 은행도 만들어낼 수 있는 이유는 무엇일까?,f
1097,post,지급준비금은 어떤 역할을 할까?,f
1098,post,은행의 신용창출 과정은 어떻게 이루어질까?,f
1099,post,"지급준비금 비율이 10%일 때, 중앙은행이 공급한 돈이 최대 얼마까지 늘어날 수 있을까?",f
1100,post,중앙은행이 지급준비금의 최저율을 변경함으로써 통화량을 어떻게 조절할 수 있을까?,f
1101,post,중앙은행이 본원통화를 공급하는 방식은 무엇일까?,f
1102,post,민간 부문에서 돈의 양이 변동하는 이유는 무엇일까?,f
1103,post,정부 부문을 통한 통화량 변동의 요인은 무엇일까?,f
1104,post,국외 거래가 돈의 공급에 미치는 영향은 어떻게 될까?,f
1105,post,기타 부문에서 돈의 공급이 변동하는 예시는 어떤 것이 있을까?,f
1106,post,금융이란 무엇을 의미할까?,f
1107,post,금융거래에서 교환되는 것은 무엇일까?,f
1108,post,금융제도는 어떤 역할을 수행할까?,f
1109,post,금융제도가 작동하지 않으면 어떤 영향을 미칠까?,f
1110,post,금융시장의 주요 구성 요소에는 무엇이 있을까?,f
1111,post,이자와 이자율의 정의는 무엇일까?,f
1112,post,이자율이 현재 소비와 어떻게 연관되어 있을까?,f
1113,post,금리가 시장에서 어떻게 결정될까?,f
1114,post,금리에 영향을 미치는 경제적 요인에는 어떤 것들이 있을까?,f
1115,post,차입자의 신용과 차입 기간이 금리에 미치는 영향은 무엇일까?,f
1116,post,"단리와 복리의 차이는 무엇일까, 예시를 포함하여 설명해 줄 수 있을까?",f
1117,post,명목금리와 실질금리의 차이는 무엇일까?,f
1118,post,표면금리와 실효금리는 어떻게 구분될까?,f
1119,post,"고정금리와 변동금리의 차이는 무엇이며, 각각의 예는 어떻게 될까?",f
1120,post,채권시장에서 채권수익률에 영향을 미치는 요인들은 무엇일까?,f
1121,post,금리가 오르면 가계의 소비에 어떤 영향을 미칠까?,f
1122,post,금리 변동이 기업의 투자 활동에 미치는 영향은 무엇일까?,f
1123,post,금리가 물가에 영향을 미치는 두 가지 상반된 요인은 무엇일까?,f
1124,post,우리나라 금리가 외국 금리보다 낮을 때 외국인이 우리나라 채권을 매수한 이유는 무엇일까?,f
1125,post,중앙은행이 금리를 관리하는 주요 목적은 무엇일까?,f
1126,post,장단기금리차가 무엇을 의미할까?,f
1127,post,장단기금리차가 경제 전망에 미치는 영향은 무엇일까?,f
1128,post,장단기금리 역전 현상이 과거에 경제 침체를 어떻게 예측했는지 설명해 줄까?,f
1129,post,장기금리가 하락할 때 장단기금리차에 어떤 변화가 발생할까?,f
1130,post,채권 수급이 장단기금리차에 어떤 영향을 미칠까?,f
1131,post,금융시장이 경제 전반의 후생에 기여하는 방식은 무엇일까?,f
1132,post,발행시장과 유통시장의 차이는 무엇일까?,f
1133,post,직접금융과 간접금융의 차이점은 무엇일까?,f
1134,post,금융시장에서 금융상품의 가격이 어떻게 결정될까?,f
1135,post,금융시장이 제공하는 높은 유동성이란 무엇을 의미할까?,f
1136,post,단기금융시장에서는 어떤 금융상품들이 거래될까?,f
1137,post,한국은행 기준금리는 어떻게 결정되며 어떤 방식으로 운용될까?,f
1138,post,단기금융시장의 발달로 인해 현금 보유에 따른 어떤 기회비용을 줄일 수 있을까?,f
1139,post,단기금융상품의 특징과 장점은 무엇일까?,f
1140,post,한국은행의 통화정책 수행에서 단기금융시장이 어떤 역할을 할까?,f
1141,post,"자본시장이란 무엇이며, 그 기능은 무엇일까?",f
1142,post,주식시장에서는 주식 가격이 어떻게 결정될까?,f
1143,post,채권의 발행자가 누구인지에 따라 채권은 어떻게 구분될까?,f
1144,post,주식 발행을 통해 기업이 어떤 자금을 조달할 수 있을까?,f
1145,post,주식과 채권의 차이는 무엇일까?,f
1146,post,금융기관은 경제활동에서 어떤 역할을 할까?,f
1147,post,금융기관은 어떤 방식으로 거래 목적에 적합한 금융 상품을 제공할까?,f
1148,post,금융기관이 금융거래의 위험을 어떻게 축소시키는 걸까?,f
1149,post,금융기관은 어떻게 사회의 요구에 따라 발전해왔을까?,f
1150,post,금융기관은 어떤 기준으로 여러 가지 형태로 나뉘어질까?,f
1151,post,일반은행과 특수은행의 주요 차이점은 무엇일까?,f
1152,post,일반은행에는 어떤 종류의 은행이 포함될까?,f
1153,post,한국산업은행은 주로 어떤 금융업무를 취급할까?,f
1154,post,특수은행 중에서 수출입금융을 전문적으로 취급하는 은행은 어디일까?,f
1155,post,은행의 신탁계정은 어떤 역할을 할까?,f
1156,post,종합금융회사는 어떤 금융 업무를 제공할까?,f
1157,post,상호저축은행은 어떤 고객층을 대상으로 하는 금융기관일까?,f
1158,post,신용협동기구는 어떤 목적으로 운영될까?,f
1159,post,우체국예금의 주요 기능은 무엇일까?,f
1160,post,신용협동기구의 종류에는 어떤 것이 있을까?,f
1161,post,보험회사는 어떤 방식으로 보험금을 지급하기 위한 자금을 운용할까?,f
1162,post,금융투자업자는 어떤 종류의 금융기관을 포괄할까?,f
1163,post,여신전문금융회사와 증권금융회사는 어떤 유형의 금융기관에 속할까?,f
1164,post,금융중개 보조 기관에는 어떤 기관들이 포함될까?,f
1165,post,금융기관이 아닌 기관 중에서 금융거래 관련 서비스를 제공하는 예시는 무엇일까?,f
1166,post,현대 금융산업에서 겸업화가 확산되는 이유는 무엇일까?,f
1167,post,우리나라 금융산업이 1997년 외환위기 이후 어떻게 변화했을까?,f
1168,post,"방카슈랑스(bancassurance)란 무엇이며, 어떻게 시행되고 있을까?",f
1169,post,자본시장법 시행이 금융기관에 어떤 영향을 미쳤을까?,f
1170,post,국제수준의 금융기관들이 우리나라에 진출한 이후 어떤 변화가 있었을까?,f
1171,post,금융시장이 자율적인 시장규율기능을 제대로 수행하지 못할 경우 어떤 위험이 발생할 수 있을까?,f
1172,post,"우리나라의 금융감독체계는 어떻게 구성되어 있으며, 어떤 기관이 주로 감독을 담당할까?",f
1173,post,금융위원회와 금융감독원이 수행하는 주요 업무는 무엇일까?,f
1174,post,"한국은행은 금융감독 업무를 어떻게 수행하며, 그 기능은 무엇일까?",f
1175,post,예금보험공사가 맡고 있는 역할과 기능은 무엇일까?,f
1176,post,신용이란 무엇일까?,f
1177,post,개인이나 기업의 신용이 좋다는 것은 어떤 의미일까?,f
1178,post,신용이 중요한 이유는 무엇일까?,f
1179,post,돈을 빌려주는 사람이 신용을 중요하게 따지는 이유는 무엇일까?,f
1180,post,국제기준에 맞는 신용을 유지해야 하는 이유는 무엇일까?,f
1181,post,신용평가회사가 하는 주요 역할은 무엇일까?,f
1182,post,국가의 신용등급이 낮아지면 어떤 영향을 미칠까?,f
1183,post,기업의 대외거래 규모가 커질수록 어떤 변화가 일어날까?,f
1184,post,신용부도스왑(CDS) 프리미엄이란 무엇이며 어떤 역할을 할까?,f
1185,post,우리나라의 전문적인 신용평가회사들은 어떤 곳이 있을까?,f
1186,post,"신용사회란 무엇이며, 개인에게 어떤 물질적 정신적 이익을 제공할까?",f
1187,post,신용거래를 할 때 소비자가 꼭 명심해야 할 점은 무엇일까?,f
1188,post,"개인의 신용등급은 어떻게 매겨지며, 등급이 낮을 경우 어떤 불이익이 있을까?",f
1189,post,개인의 신용정보를 관리하기 위해 어떤 조치를 취해야 할까?,f
1190,post,"신용회복을 위한 법적 구제 제도에는 어떤 것들이 있으며, 어떤 상황에서 고려할 수 있을까?",f
1191,post,장기 생활설계가 중요한 이유는 무엇일까?,f
1192,post,장기 생활설계를 할 때 고려해야 할 주요 요소는 무엇일까?,f
1193,post,자녀 교육비와 결혼 비용을 대비하기 위해 어떤 계획을 세워야 할까?,f
1194,post,평균수명이 늘어나면서 은퇴 후 생활자금 준비의 중요성이 크게 증가하는 이유는 무엇일까?,f
1195,post,예기치 않은 사고나 재난에 대비하기 위한 자금 마련은 어떻게 할 수 있을까?,f
1196,post,저축과 투자의 차이는 무엇일까?,f
1197,post,투자에 사용되는 일반적인 자산 유형에는 어떤 것들이 있을까?,f
1198,post,"왜 투자 수익률과 위험, 금융상품의 종류에 대한 이해가 필요할까?",f
1199,post,투자와 투기를 어떻게 구분할 수 있을까?,f
1200,post,투기가 경제와 금융시장에 미칠 수 있는 부정적인 영향은 무엇일까?,f
1201,post,금융상품 선택 시 고려해야 할 주요 요소들은 무엇일까?,f
1202,post,예금상품과 주식 투자의 차이는 무엇일까?,f
1203,post,"포트폴리오란 무엇이며, 왜 중요할까?",f
1204,post,주식에 투자할 때 고려해야 할 요소들은 어떤 것들이 있을까?,f
1205,post,금융상품의 종류에는 어떤 것들이 있고 그 특징은 무엇일까?,f
1206,post,"요구불예금이란 무엇이며, 고객에게 어떤 장점을 제공할까?",f
1207,post,저축성예금의 주요 목적은 무엇일까?,f
1208,post,정기적금과 정기예금의 차이점은 무엇일까?,f
1209,post,당좌예금은 주로 어떤 고객이 이용할까?,f
1210,post,정기적금에 가입할 때 중요한 고려사항은 무엇일까?,f
1211,post,예금상품과 증권상품의 차이는 무엇일까?,f
1212,post,간접투자상품의 위험과 수수료는 어떻게 될까?,f
1213,post,수익증권의 종류와 그 특징은 무엇일까?,f
1214,post,MMF(Money Market Fund)는 어떤 금융상품일까?,f
1215,post,뮤추얼펀드와 수익증권의 차이점은 무엇일까?,f
1216,post,보험의 기본적인 목적은 무엇일까?,f
1217,post,생명보험과 손해보험의 차이는 무엇일까?,f
1218,post,보험에 가입할 때 고려해야 할 사항은 무엇일까?,f
1219,post,보험 중도해약 시 주의할 점은 무엇일까?,f
1220,post,자신에게 맞는 보험상품을 선택하는 기준은 무엇일까?,f
1221,post,부동산 투자로 얻을 수 있는 두 가지 수익은 무엇일까?,f
1222,post,부동산과 금융을 결합한 투자 방식에는 어떤 것들이 있을까?,f
1223,post,리츠(REITs)와 부동산간접투자형 수익증권은 어떻게 설계되어 있는 상품일까?,f
1224,post,부동산 간접투자 상품이 가지는 주요 기능은 무엇일까?,f
1225,post,금융상품 선택의 첫 걸음으로 고려해야 할 요소는 무엇일까?,f
1226,post,금융상품을 선택할 때 고려해야 할 주요 기준은 무엇일까?,f
1227,post,목적에 맞는 금융상품에는 어떤 것들이 있을까?,f
1228,post,목돈을 모으기 위해 추천되는 금융상품에는 어떤 것들이 있을까?,f
1229,post,주택 마련 자금을 모으기 위한 금융상품으로는 무엇이 있을까?,f
1230,post,모은 돈을 불리는 데 적합한 금융상품에는 어떤 것들이 있을까?,f
1231,post,금융상품을 선택할 때 자금 지출계획과 저축기간을 일치시키는 것이 왜 중요할까?,f
1232,post,장기 금융상품에 투자한 후 중도해지 시 발생할 수 있는 문제점은 무엇일까?,f
1233,post,금융상품의 만기가 도래했을 때 주의해야 할 점은 무엇일까?,f
1234,post,장기 저축자금과 단기 운용자금을 구분하여 분산 투자하는 것이 왜 유리할까?,f
1235,post,중도해지 시 적용되는 이율은 약정금리와 어떻게 다를까?,f
1236,post,금융상품의 안전성은 어떤 요소에 의해 영향을 받을까?,f
1237,post,금융상품을 선택할 때 왜 예금자보호법 여부를 확인해야 할까?,f
1238,post,수익성이 높은 금융상품을 선택할 때 유의해야 할 점은 무엇일까?,f
1239,post,수익률을 이해할 때 표면금리 외에 어떤 요소들을 함께 고려해야 할까?,f
1240,post,환금성이 높은 금융상품의 장단점은 무엇일까?,f
1241,post,금융상품에서 이자소득세와 지방소득세는 각각 얼마씩 부과될까?,f
1242,post,비과세 또는 감세 금융상품을 선택할 때 어떤 점을 고려해야 할까?,f
1243,post,소득공제와 세액공제의 차이점은 무엇일까?,f
1244,post,비과세 금융상품의 절세효과를 얻기 위해 필요한 조건은 무엇일까?,f
1245,post,연말정산 시 소득공제나 세액공제가 되는 금융상품의 이점은 무엇일까?,f
1246,post,돈을 빌리는 것이 경제적으로 유리한 경우는 어떤 경우일까?,f
1247,post,대출금 상환 방법에는 어떤 종류가 있으며 각각의 특성은 무엇일까?,f
1248,post,대출상품을 선택할 때 고려해야 할 중요한 요소는 무엇일까?,f
1249,post,우수 고객에 대한 금융기관의 혜택에는 어떤 것들이 있을까?,f
1250,post,개인의 상품가치를 높이기 위한 방법으로 어떤 것들이 권장될까?,f
1251,post,"우리나라의 2019년 상품 수출입 규모는 어느 정도이며, GNI에서 차지하는 비율은 어떻게 될까?",f
1252,post,국가 간 무역이 발생하는 이유는 무엇일까?,f
1253,post,절대우위와 비교우위의 차이는 무엇일까?,f
1254,post,두 나라가 모두 절대우위를 가지고 있을 때도 무역이 일어나는 이유는 무엇일까?,f
1255,post,선진국과 개도국 간의 무역에서 절대우위와 비교우위는 각각 어떻게 적용될까?,f
1256,post,2008년 글로벌 금융위기 이후 각 국이 보호무역주의를 강화하게 된 이유는 무엇일까?,f
1257,post,트럼프 행정부가 추진한 주요 무역 정책은 무엇일까?,f
1258,post,보호무역 정책을 위해 사용되는 주된 수단은 무엇이며 어떻게 작동할까?,f
1259,post,"비관세 무역장벽의 예시로 어떤 것들이 있으며, 어떻게 기능할까?",f
1260,post,선진국들이 보호무역주의를 적용하는 이유는 무엇일까?,f
1261,post,국민계정이란 무엇일까?,f
1262,post,국제수지표에서는 어떤 내용을 기록할까?,f
1263,post,경상수지와 자본·금융계정의 차이는 무엇일까?,f
1264,post,국제수지 적자와 흑자는 무엇을 의미할까?,f
1265,post,왜 언론이나 일반인은 국제수지와 경상수지를 동일시할까?,f
1266,post,경상수지가 흑자인 경우 나라 경제에 어떤 긍정적인 영향이 있을까?,f
1267,post,경상수지 흑자가 항상 좋은 것이 아닌 이유는 무엇일까?,f
1268,post,경상수지가 적자인 경우 경제에 미치는 부정적인 영향은 무엇일까?,f
1269,post,경상수지 흑자가 지속될 경우 국제적으로 어떤 문제가 발생할 수 있을까?,f
1270,post,경상수지가 경제 운영에서 중요한 이유는 무엇일까?,f
1271,post,원화가 국제적으로 통용되지 않는 이유는 무엇일까?,f
1272,post,환율이 표시되는 방법에는 어떤 것들이 있을까?,f
1273,post,자국통화표시법에 따라 환율변동이 원화의 가치에 어떻게 영향을 미칠까?,f
1274,post,여행자가 외화를 구할 때 여행자수표와 현찰 중 어떤 것을 선택하는 것이 유리할까?,f
1275,post,국외 송금이나 해외 신용카드 사용 시 적용되는 환율은 무엇일까?,f
1276,post,환율은 어떻게 결정될까?,f
1277,post,외환시장에서 거래되는 외환의 형태는 무엇일까?,f
1278,post,외환시장의 주요 참여자는 누구일까?,f
1279,post,변동환율제도와 고정환율제도의 차이는 무엇일까?,f
1280,post,우리나라의 환율제도는 언제 어떻게 변화했을까?,f
1281,post,환율이 결정되는 원리는 무엇일까?,f
1282,post,국내 경기와 외국 경기의 변화가 외환 수요와 공급에 어떻게 영향을 미칠까?,f
1283,post,자본자유화 이후 환율 결정에 자본이동이 어떤 영향을 미치고 있을까?,f
1284,post,"실질금리 차이가 환율에 미치는 영향은 무엇이며, 왜 이론과 다르게 움직일 수 있을까?",f
1285,post,환율변동에 영향을 미치는 심리적 요인이나 루머는 어떤 역할을 할까?,f
1286,post,환율이 오르면 경상수지가 어떻게 변할까?,f
1287,post,원화 환율 상승이 국내 물가수준에 어떤 영향을 미칠까?,f
1288,post,수출업체 근로자는 환율의 움직임에 어떤 영향을 받을까?,f
1289,post,환율 상승이 수입업자에게 어떤 어려움을 초래할까?,f
1290,post,환율이 안정되어야 하는 이유는 무엇일까?,f
1291,post,우리나라의 환율제도는 언제 어떤 방식으로 변화했을까?,f
1292,post,"스무딩 오퍼레이션이란 무엇이며, 우리나라에서는 그것이 어떻게 활용될까?",f
1293,post,경상수지가 지속적으로 불균형을 보일 때 정부와 중앙은행은 어떤 방식으로 대외 균형을 이루려 할까?,f
1294,post,"환율정책의 한계는 무엇이며, 현실에서 어떤 부작용이 발생할 수 있을까?",f
1295,post,물가안정목표제를 도입한 국가에서 환율정책을 펴기 어려운 이유는 무엇일까?,f
1296,post,경제의 기초여건이 양호한데도 외환시장에서 환율이 과도하게 움직일 수 있는 이유는 무엇일까?,f
1297,post,아시아 인접 국가의 경제 상황이 나쁠 때 해당 국가의 통화 가치에 어떤 영향을 미칠까?,f
1298,post,외환시장에서 군집행동이 발생하는 이유는 무엇일까?,f
1299,post,외환시장의 패닉 현상을 안정시키기 위해서는 어떠한 조치를 취할 수 있을까?,f
1300,post,외환보유액이 많을 때 국가에 주는 이점은 무엇일까?,f
1301,post,외환보유액의 적정 수준을 결정하는 데 고려해야 할 주요 요소들은 무엇일까?,f
1302,post,각국이 외환보유액의 적정 수준을 산출하는 데 있어 어려움을 겪는 이유는 무엇일까?,f
1303,post,중앙은행의 외환보유액 운용이 국가 경제에 미치는 영향은 무엇일까?,f
1304,post,외환보유액 유지와 관련된 기회비용에는 어떤 요소들이 포함될까?,f
1305,post,우리나라가 충분한 외환보유액을 유지할 필요가 있는 이유는 무엇일까?,f
1306,post,1930년대에 경제안정화정책이 중요한 정책으로 자리잡게 된 이유는 무엇일까?,f
1307,post,"경제안정화정책에는 어떤 종류가 있으며, 그 구체적인 수단에는 무엇이 있을까?",f
1308,post,경기가 과열될 때 정부가 사용하는 경제안정화정책에는 어떤 것들이 있을까?,f
1309,post,"총수요관리정책이란 무엇이며, 왜 대부분의 경제안정화정책이 총수요에 초점을 맞출까?",f
1310,post,왜 단기적으로 총공급을 조절하는 경제안정화정책 수단을 찾는 것이 어려울까?,f
1311,post,경제안정화정책을 둘러싼 주요 의견 차이는 무엇일까?,f
1312,post,정부가 경제안정화정책을 실행할 때 고려해야 할 주요 요인들은 무엇일까?,f
1313,post,통화정책과 재정정책이 경제안정을 위해 어떤 역할을 한다고 찬성하는 사람들은 주장할까?,f
1314,post,재정의 자동안정화장치는 어떤 긍정적이고 부정적인 측면을 가지고 있을까?,f
1315,post,정부가 경제안정화정책을 통해 경제 상황을 직접적으로 조정하기 어려운 이유는 무엇일까?,f
1316,post,중앙은행의 통화정책이 경제 안정에 어떻게 기여할까?,f
1317,post,통화정책에서 간접조절수단의 예시로 무엇이 있을까?,f
1318,post,공개시장운영이 다른 통화정책 수단보다 선호되는 이유는 무엇일까?,f
1319,post,중앙은행이 여수신제도를 활용하여 금융 불안을 완화하는 방법은 무엇일까?,f
1320,post,지급준비제도가 경제에 미치는 영향은 무엇일까?,f
1321,post,중앙은행의 통화정책체계는 어떤 요소들로 구성되어 있을까?,f
1322,post,"우리나라의 통화정책 목표는 무엇이며, 명목기준지표로 무엇을 사용할까?",f
1323,post,한국은행이 물가안정목표제를 운영하는 방식은 어떻게 이루어질까?,f
1324,post,물가안정목표제를 채택한 국가들이 경험한 긍정적인 변화는 무엇일까?,f
1325,post,글로벌 금융위기 이후 물가안정목표제가 직면한 새로운 도전은 무엇일까?,f
1326,post,통화정책의 금리경로는 어떻게 총수요와 물가에 영향을 미칠까?,f
1327,post,자산가격경로를 통해 통화정책이 경제에 미치는 영향은 무엇일까?,f
1328,post,환율경로가 통화정책의 효과를 실물경제에 전파하는 과정은 어떻게 이루어질까?,f
1329,post,"신용경로는 금리경로, 자산가격경로, 환율경로와 어떤 차이점을 가지고 있을까?",f
1330,post,통화정책의 경로가 경제 상황이나 금융시장의 구조에 따라 다르게 작용할 수 있는 이유는 무엇일까?,f
1331,post,"재정정책이란 무엇이며, 일반적으로 어떤 활동에 초점을 맞추고 있을까?",f
1332,post,"정부 재정지출의 주요 항목들은 무엇이며, 이러한 지출이 경제에 미치는 영향은 무엇일까?",f
1333,post,경제 불황 시 정부는 어떤 방식으로 재정지출을 확대하여 총수요를 증가시킬까?,f
1334,post,정부의 재정활동에 필요한 재원은 주로 어디에서 조달될까?,f
1335,post,경기 침체 시 조세 정책이 경제에 어떤 영향을 미칠 수 있을까?,f
1336,post,정부의 재정정책이 경기과열보다 경기침체 시기에 더 자주 사용되는 이유는 무엇일까?,f
1337,post,정부가 재정적자를 메우기 위한 세 가지 방법에는 어떤 것이 있을까?,f
1338,post,중앙은행으로부터 자금을 빌리는 방법이 물가에 어떤 영향을 미칠 수 있을까?,f
1339,post,"국채 발행이 국민에게 어떤 부담을 주며, 그 부담이 후손에게까지 이어지는 이유는 무엇일까?",f
1340,post,경제안정을 위해 균형재정을 장기적으로 달성하는 것이 왜 중요할까?,f
1341,post,경기변동이 자연스러운 현상으로 여겨지는 이유는 무엇일까?,f
1342,post,경제안정화정책의 효과가 즉시 나타나기 어려운 이유는 무엇일까?,f
1343,post,통화정책과 재정정책의 정책목표가 상충될 때 발생할 수 있는 경제적 결과는 무엇일까?,f
1344,post,정책수단 간의 상호작용이 경제안정화정책을 실행하는 데 어려움을 주는 이유는 무엇일까?,f
1345,post,통화정책과 재정정책은 서로 어떻게 연결되어 있을까?,f
1346,post,정책담당자들이 정책시차 문제를 해결하는 방법은 무엇일까?,f
1347,post,통화정책과 재정정책의 차이점은 무엇일까?,f
1348,post,물가불안이 우려되는 시기에 적합한 경제 정책 조합은 무엇일까?,f
1349,post,중앙은행의 긴축적인 통화정책이 정부 재정에 미치는 영향은 무엇일까?,f
1350,post,통화정책과 재정정책의 상호 연관성을 고려한 협조 방식은 어떻게 이루어져야 할까?,f
1351,post,최근 경제정책 집행 방식이 어떻게 변화되고 있을까?,f
1352,post,경제정책의 일관성이 중요한 이유는 무엇일까?,f
1353,post,정부가 경제정책에서 투명성을 높여야 하는 이유는 무엇일까?,f
1354,post,시장 신뢰를 얻기 위해 정부가 고려해야 할 사항은 무엇일까?,f
1355,post,4차 산업혁명은 기존 산업혁명과 어떻게 구별될까?,f
1356,post,4차 산업혁명이라는 용어는 어떻게 처음 제시되었을까?,f
1357,post,1차 산업혁명의 특징은 무엇일까?,f
1358,post,2차 산업혁명은 어떤 산업의 발전을 중심으로 이루어졌을까?,f
1359,post,3차 산업혁명은 어떤 기술의 등장으로 시작됐을까?,f
1360,post,4차 산업혁명이 기존의 정보기술 혁명을 어떻게 뛰어넘을 것으로 기대될까?,f
1361,post,1차 산업혁명의 핵심 범용기술은 무엇이었을까?,f
1362,post,2차 산업혁명 때 내연기관과 전기에 의해 만들어진 주요 제품들은 무엇일까?,f
1363,post,3차 산업혁명에서 IC 집적회로와 인터넷은 어떤 혁신을 이끌었을까?,f
1364,post,기존의 소프트웨어 공학과 기계학습 기반의 인공지능의 차이점은 무엇일까?,f
1365,post,4차 산업혁명에서 인공지능이 주목받는 이유는 무엇일까?,f
1366,post,3차 산업혁명과 4차 산업혁명의 가장 큰 차이점은 무엇일까?,f
1367,post,4차 산업혁명 시대에는 어떤 방식으로 IT와 비 IT 산업의 경계가 허물어지고 있을까?,f
1368,post,구체적인 사례로 4차 산업혁명의 IT 기술이 전통 산업에 적용된 예시는 무엇일까?,f
1369,post,온라인과 오프라인의 결합이 4차 산업혁명에서 중요한 이유는 무엇일까?,f
1370,post,언택트 소비'가 촉진된 원인은 무엇일까? 그리고 그 이후의 양상은 어떻게 변했을까?,f
1371,post,4차 산업혁명으로 인한 기술적 변화가 경제성장에 미치는 영향은 어떨까?,f
1372,post,Solow의 생산성 역설이란 무엇일까?,f
1373,post,정보기술이 생산성 증대로 이어지지 않았던 이유에 대한 첫 번째 관점은 무엇일까?,f
1374,post,신기술의 가치가 GDP 통계에 과소 추정되는 이유는 무엇일까?,f
1375,post,1980년대의 정보기술 혁신이 1990년대 중반 이후 미국 경제에 어떤 영향을 미쳤을까?,f
1376,post,4차 산업혁명이 기존의 정보기술 혁명에서의 생산성 역설을 극복할 수 있을까?,f
1377,post,Robert Gordon 교수가 제시한 혁신 아이디어의 한정성에 대한 비관론은 무엇일까?,f
1378,post,생산성의 정체가 혁신적인 신기술의 사회적 구현 부족 때문에 발생한다는 주장에 대해 설명해 줄까?,f
1379,post,정보기술 혁신이 최근에 다루는 적용 대상의 확장 추세는 무엇일까?,f
1380,post,앞으로 산업과 사회가 새로운 기술에 적응하기 위해 필요한 과제들은 무엇일까?,f
1381,post,산업혁명 시기와 현대에 기계가 인간의 일자리를 대체할 것이라는 우려의 차이점은 무엇일까?,f
1382,post,1966년 이후 우리나라의 실업률 변화는 어땠을까?,f
1383,post,노동생산성이 증가했음에도 불구하고 실업률이 크게 증가하지 않은 이유는 무엇일까?,f
1384,post,ATM 기계 도입 후 은행 지점 인력의 변화는 어떻게 되었고 그 이유는 무엇일까?,f
1385,post,O-ring 이론이란 무엇이며 어떻게 노동자의 몸값에 영향을 미칠 수 있을까?,f
1386,post,기술변화가 고용구조에 미치는 영향은 무엇일까?,f
1387,post,비정형적 업무와 정형적 업무의 차이점은 무엇일까?,f
1388,post,인공지능 기술의 발전이 중간 수준 일자리와 상위 일자리 모두에 미친 영향은 무엇일까?,f
1389,post,인공지능이 비정형적 노동을 완전히 자동화하는 데 있어 현재의 한계는 무엇일까?,f
1390,post,인공지능이 대체하기 어려운 업무 유형에는 어떤 것이 있을까?,f
1391,post,4차 산업혁명에서 가장 중요한 특징은 무엇일까?,f
1392,post,왜 '온고지신'의 자세가 4차 산업혁명의 시대에 중요할까?,f
1393,post,4차 산업혁명의 시대에서 국가나 기업 차원의 기술 투자에 대한 중요한 고려사항은 무엇일까?,f
1394,post,개인이 4차 산업혁명 시대에 적응하기 위해 필요한 기술적 이해력은 무엇일까?,f
1395,post,4차 산업혁명 시대에 인공지능 기술이 잘하는 일과 그렇지 못한 일의 예시를 들어 설명해 줄래?,f
